Cbis,fdn,host-name
PLMN-ENV30/CBIS-CBIS30,PLMN-ENV30/CBIS-CBIS30/HTTP-1,10.94.225.6
PLMN-ENV30/CBIS-CBIS30,PLMN-ENV30/CBIS-CBIS30/HTTP-1,10.94.225.6
PLMN-ENV30/CBIS-CBIS30,PLMN-ENV30/CBIS-CBIS30/HTTP-1,10.94.225.6
PLMN-ENV30/CBIS-CBIS30,PLMN-ENV30/CBIS-CBIS30/HTTP-1,10.94.225.6
PLMN-ENV30/CBIS-CBIS30,PLMN-ENV30/CBIS-CBIS30/HTTP-1,10.94.225.6
PLMN-ENV30/CBIS-CBIS30,PLMN-ENV30/CBIS-CBIS30/HTTP-1,10.94.225.6
PLMN-ENV30/CBIS-CBIS30,PLMN-ENV30/CBIS-CBIS30/HTTP-1,10.94.225.6
PLMN-ENV30/CBIS-CBIS30,PLMN-ENV30/CBIS-CBIS30/HTTP-1,10.94.225.6
PLMN-ENV30/CBIS-CBIS30,PLMN-ENV30/CBIS-CBIS30/HTTP-1,10.94.225.6
PLMN-ENV30/CBIS-CBIS30,PLMN-ENV30/CBIS-CBIS30/HTTP-1,10.94.225.6
PLMN-ENV30/CBIS-CBIS30,PLMN-ENV30/CBIS-CBIS30/HTTP-1,10.94.225.6
PLMN-ENV30/CBIS-CBIS30,PLMN-ENV30/CBIS-CBIS30/HTTP-1,10.94.225.6
PLMN-ENV30/CBIS-CBIS30,PLMN-ENV30/CBIS-CBIS30/HTTP-1,10.94.225.6